scene,keep_ratio,method,lambda,mean_psnr,mean_ssim,mean_lpips,per_pose_psnr,kept_count,mask_hash,path_use_pose_meta,path_near,path_far,path_aspect,file_size_mb,estimated_vram_mb
kitchen,0.5,visibility,,18.46433644896857,0.7648163505962917,0.019533018862629,"[22.13982785156549, 20.81708213552142, 34.12622995819822, 20.13334727385952, 20.85268351123336, 20.336668847844294, 18.48664793026933, 18.641668953685443, 21.011128410033763, 19.237397438383002, 17.35446925701727, 18.194585619445512, 17.907706109815766, 18.150501161854105, 16.427346001889454, 19.706734522437937, 19.315670176163074, 17.50883848261948, 17.294060487234525, 17.42416473612415, 14.772915304008606, 15.958220410605028, 16.311531044810238, 15.774224095090688, 15.08699030777837, 15.709014754556772, 16.614346298784348, 15.93791434321653, 15.223106213930777, 18.5732102821857, 16.668403680973046, 18.669256698918545, 19.03981691612695, 18.07542560675127, 18.770640890967965]",926168,6c623a68e43d28e7,False,0.1,150.0,1.7777777777777777,16.148727416992188,23.928634643554688
kitchen,0.5,path_aware_v5_pure_sum,,28.294084034881628,0.9540842533111572,0.0036663583080683,"[25.261972817407194, 26.994410429317334, 36.98405672174045, 29.368203296562918, 28.693922739193304, 28.324547711901864, 28.636273204273692, 28.846188673483976, 28.430578925708723, 29.56536007211438, 28.06516964487457, 28.093459223035037, 28.330947708287525, 28.818172591429665, 27.385043848346825, 27.046644583788492, 29.12692662175254, 28.087974776992457, 27.607542292320662, 28.177148722931562, 26.101625379312377, 26.750748020797328, 27.43301578968371, 27.32346475368777, 26.784374062699573, 27.301430770790912, 27.79268612963492, 27.319817690708078, 26.679097455567856, 29.537336997476945, 27.59646927212732, 29.040045978206056, 29.854830811200614, 29.32138314893033, 29.61207035457003]",926168,1e5b77df10155eae,False,0.1,150.0,1.7777777777777777,16.148727416992188,23.928634643554688
kitchen,0.5,path_aware_v5_linear_falloff,,26.68686713154955,0.9380149245262146,0.0048469279934319,"[26.73378722268488, 26.721586206948462, 37.872125853317996, 27.42383784202748, 27.75194084019784, 27.240107818472946, 26.690635342099334, 26.648595659466125, 27.475920850649793, 27.437170902336074, 26.40165563529962, 26.18602884675191, 26.175241244512794, 26.79313731734526, 25.57994406769513, 27.008937946339696, 27.34266748849044, 26.282676887412304, 26.331959611720528, 26.696289959848052, 24.25697561186196, 24.96607338005001, 25.431555145088037, 25.367054500365782, 24.74588328158871, 25.168877045771197, 25.666746227578106, 25.294516930246704, 24.576790941520116, 26.68679502118435, 25.46229299363749, 27.35073451857405, 27.481527023569022, 27.418960619112696, 27.3713188204694]",926168,24dcc1b3058b97c3,False,0.1,150.0,1.7777777777777777,16.148727416992188,23.928634643554688
kitchen,0.5,path_aware_v5_sqrt_clamp,,26.2793248528442,0.9331732017653328,0.0052460782604092,"[27.10457514348203, 26.464823899053968, 38.0204648887855, 27.008805239775178, 27.395630991124968, 26.957560529218632, 26.208683671739365, 26.162380696546105, 27.255290260566227, 26.998469911846886, 25.9298555992482, 25.714293373977615, 25.659731907332276, 26.35446575874527, 25.07037294043377, 26.974806965471142, 26.871683706702836, 25.789476713494956, 25.91346467832922, 26.22403301959438, 23.72556057440022, 24.497363151399977, 24.92759088145574, 24.8409299845321, 24.21584134169157, 24.64220862598615, 25.13994319705717, 24.76428669110463, 24.052835126822224, 26.182246707943463, 24.93796551171728, 26.93490187381137, 27.005814331272553, 26.957374152630116, 26.872637802254005]",926168,950f6d274c841d16,False,0.1,150.0,1.7777777777777777,16.148727416992188,23.928634643554688
kitchen,0.5,path_aware_v5_weighted_sum,,21.88846721659565,0.8912661586488996,0.0108537358880442,"[13.444698751886072, 16.291966773245417, 7.5654665585440775, 18.33814049130169, 17.304840730438162, 19.04580976455842, 23.22213048312407, 23.691261889300918, 14.83321273787711, 19.072878894542512, 19.759916259243674, 22.163409397882894, 25.28848509297093, 20.222918149080446, 22.533817739944872, 16.229636077560407, 22.10859910602168, 20.46902544369111, 19.80756308408933, 20.046829686669998, 20.491789797361385, 22.047923994806435, 22.576857295194095, 22.41303732935116, 29.045495525402654, 30.269366094593266, 30.795438056820373, 30.527738978062942, 30.574376610824864, 32.379985741774846, 31.967233207792837, 17.201865402304083, 21.04074594790976, 20.78306286933981, 22.54082861733544]",926168,f45f273a4085ea74,False,0.1,150.0,1.7777777777777777,16.148727416992188,23.928634643554688
kitchen,0.5,combined_0.7,0.7,26.47601315945139,0.9477466089384896,0.0055505601772373,"[22.593775569169196, 26.074388193792274, 34.44972252697752, 25.98312364482231, 27.438083069809046, 25.36717886294251, 27.99525818573916, 27.53526464538622, 26.551433591208777, 27.597618854343885, 26.564431706391613, 27.26926744965678, 26.902444455939865, 26.607507733370763, 26.335997101194593, 24.980724158403266, 28.018618225704273, 26.740015629668665, 26.7569103888939, 26.94088674676106, 24.2778012016689, 25.03332536811992, 25.78870014600852, 25.649350706761137, 24.67246224541006, 25.374870301422035, 25.885227428669534, 25.48473562569017, 24.744452788062553, 26.91638601311787, 25.613011734685195, 26.931375595527754, 27.175624978355994, 27.26100331141625, 27.149482395707032]",926168,662c08fffe5877a8,False,0.1,150.0,1.7777777777777777,16.148727416992188,23.928634643554688
kitchen,0.5,raster_importance,,31.1458567161368,0.981014234679086,0.0024251785362139,"[25.709761306517393, 31.531701883411714, 32.13365989511442, 33.869601637815634, 17.09796765385569, 35.61479137980131, 33.71807471491643, 32.23668152731537, 24.873653376656286, 34.4334913556265, 30.408949481827428, 34.51778377969763, 36.37104896729961, 32.499216996370585, 28.533658393614225, 28.010573256112323, 37.167210448648504, 33.29098261320616, 29.340257525953483, 30.051205479302688, 30.483133478852192, 30.641597628931407, 31.159238088104352, 31.238009845307566, 30.727703074733924, 31.337962175806176, 32.78325717632944, 31.323773560176875, 29.722532576170334, 35.00882440756727, 33.12917124012145, 25.209880215597025, 32.64805030795812, 30.391729315727748, 32.8898503003407]",926168,50f6bbed3a26488f,False,0.1,150.0,1.7777777777777777,16.148727416992188,23.928634643554688
kitchen,0.5,random,,19.772308374266597,0.7428700140544346,0.0178042253479361,"[19.809915394673894, 19.532225066036645, 17.45648189440637, 19.947643803011697, 16.53330198551535, 19.744290226404487, 19.12139524952319, 19.047958609120904, 19.69757789986905, 20.69634256606529, 20.158022756052837, 19.878537777588, 19.94457738822437, 20.698757689295388, 18.739152836667316, 20.134015932805433, 20.445180876117238, 19.798116578248642, 19.58391235737939, 19.54242438417136, 18.815250328148394, 19.30959127765296, 19.94266098116531, 20.101152568960742, 19.07401104658579, 19.563285173183047, 20.133857588452212, 19.24318556415788, 18.859417349517095, 20.757664377283064, 20.03144113211336, 21.118150332640134, 21.649270278257113, 21.075560330257783, 21.846463499779173]",926168,ed274927ec43ab00,False,0.1,150.0,1.7777777777777777,16.148727416992188,23.928634643554688
room,0.5,visibility,,29.96556199516028,0.9670396676430336,0.0018415622117829,"[31.07420181004904, 29.482111698821853, 31.504872813759306, 26.3819032667859, 26.234890682455685, 26.719861096699166, 25.98420120958743, 26.83182029794205, 25.326006731501355, 26.712852433678997, 26.736605868639685, 27.28177131811181, 26.759431706615295, 28.101183430243925, 29.698651569199722, 26.819620680693745, 28.233075387638635, 26.708252287799784, 32.32868676838444, 27.763459164998206, 30.597355261871655, 31.287412912553965, 27.680186360830948, 28.73248358092095, 31.505495241661908, 31.942811664204275, 34.75943756882173, 33.26995983517627, 31.368230007829375, 29.69114353041576, 33.621154870412255, 27.42959019147735, 29.136450833374123, 30.62625334241648, 31.256179786219874, 36.20141656153995, 30.391011998770363, 45.80660876339667, 36.67027527575085]",796688,2d87fbdc3f827337,False,0.1,150.0,1.7777777777777777,13.926055908203125,20.57958984375
room,0.5,path_aware_v5_pure_sum,,37.48476715322031,0.9891807727324656,0.0005539222293242,"[42.245478211292486, 41.93771198753845, 42.72314855430886, 31.975828604580357, 32.54629008794187, 33.05537030547122, 31.115362578136345, 33.12086077170454, 31.91162995921774, 31.132000752094626, 32.205789798408404, 31.590537911900768, 31.393298929017178, 34.19061627922836, 34.321445544262026, 31.348645617871274, 33.519498435500886, 31.847601570770863, 43.13474559354275, 40.1861258355494, 37.49709819976715, 43.30077496325313, 40.93235610413774, 38.35568305414097, 36.459016420786725, 42.92105729101288, 34.76844045749917, 45.31957776869818, 39.03772536715089, 36.37468737506293, 45.08095076822279, 34.008603613445906, 34.6118997294703, 43.02126867342019, 30.469126213995345, 37.432458266673514, 47.32465149280038, 45.70307754969714, 53.785478338018386]",796688,9584ac022473c824,False,0.1,150.0,1.7777777777777777,13.926055908203125,20.57958984375
room,0.5,path_aware_v5_linear_falloff,,36.54880536981362,0.9873111324432567,0.0006519401393187,"[39.87595488444843, 39.92259772263524, 41.040559201002296, 30.43007435815195, 31.33244144663777, 31.65146333073649, 29.77429715920678, 31.868692375547866, 30.664922184988104, 30.098415757517483, 30.511041097826723, 30.568730786780613, 30.350741208006305, 33.10088297364365, 33.27732777534962, 30.26503974352043, 32.507119278536855, 30.642232030344637, 41.54300170002983, 38.265767708360265, 35.96453812386039, 41.060690889801194, 38.312681309420846, 38.40610374219321, 35.27170640459272, 41.32862059142514, 38.03138523602748, 43.28009390844781, 38.56674086478485, 36.836856626703664, 42.23843724291103, 32.12416629262424, 33.62141942782686, 40.87010348554638, 37.861838826562995, 40.83588469191727, 44.85129746292523, 48.03176220333101, 50.21777936855763]",796688,bf9000cd4b814935,False,0.1,150.0,1.7777777777777777,13.926055908203125,20.57958984375
room,0.5,path_aware_v5_sqrt_clamp,,36.248916988118665,0.986336439083784,0.0006968834648619,"[39.10572507747591, 39.3731174741164, 40.525234781237984, 30.018922846490884, 31.062429337342294, 31.25350553025266, 29.48057485783529, 31.65593916590811, 30.248475997363435, 29.689403882624198, 30.11403107652513, 30.175750100876222, 29.93839644274969, 32.6484041634871, 33.22155387883526, 29.809479414956634, 31.94365909540746, 30.24459670892621, 41.09250239288954, 37.8827200974503, 35.52241666001, 40.53148662317024, 37.75055866602156, 37.63331620529935, 34.89462502617452, 41.11734385152947, 39.248266615187575, 42.79343599179458, 37.931603779463536, 36.53356237031347, 41.689821401870006, 31.75249021123806, 33.62466616947895, 40.28929753519808, 39.28661776491394, 41.54290934772318, 44.07907040548259, 48.46181516436743, 49.54003642464062]",796688,04559823ba558fae,False,0.1,150.0,1.7777777777777777,13.926055908203125,20.57958984375
room,0.5,path_aware_v5_weighted_sum,,36.43468622420575,0.9739571335988167,0.0023298325315645,"[35.32222360340953, 36.81885781916546, 36.426260796404144, 41.984246279681244, 21.0364626109507, 26.731861594504615, 42.566729696781366, 20.263371707405206, 30.356643832464446, 29.284687684428544, 43.01548221919635, 46.00589729493197, 42.04113599671353, 28.336168587228826, 20.8563093733363, 45.771983126930955, 33.18977456939164, 35.273995258364124, 33.51394066606816, 29.424497337246812, 45.981525030892165, 37.105041332954286, 38.58849419555, 38.246022842264004, 66.19880315107785, 30.83589044247425, 19.92140407651715, 39.78428717120489, 81.86336471487898, 36.94358331386434, 38.949105253486, 44.536669285710325, 20.126874044571316, 42.56952839253082, 18.901866047865003, 18.365019293708123, 48.07969174302521, 29.50548404660079, 46.229578310244776]",796688,305abb3af4bf71ce,False,0.1,150.0,1.7777777777777777,13.926055908203125,20.57958984375
room,0.5,combined_0.7,0.7,33.015038442569235,0.9749250809351604,0.0023304475699917,"[38.586194628268075, 39.049418962837855, 39.698280087687024, 24.55624490535754, 24.705255101606063, 23.9371111126704, 25.13282654599402, 24.941126674972555, 23.30094918370405, 24.134194189635178, 25.68414644179692, 26.10737947021287, 25.664392419621322, 26.692048075286515, 25.519477469808514, 29.473337767834916, 27.312916263009086, 24.758364288145494, 40.73149105303152, 36.003415299807614, 35.45206654623677, 40.12890606957819, 36.655215307505756, 35.32899539552231, 35.35466346388371, 39.45965118044692, 35.56379009662115, 41.46816316272297, 37.56858816613931, 33.351702765923434, 41.2867384985434, 26.35549975898624, 24.688845887983632, 36.81963085192669, 34.5309726232302, 39.91896459603965, 41.89359130525684, 47.86435462683264, 47.90758901553321]",796688,6be92d80320772d3,False,0.1,150.0,1.7777777777777777,13.926055908203125,20.57958984375
room,0.5,raster_importance,,48.79104759283669,0.9966434683555212,0.000342845718519,"[54.30654098308709, 55.86157267513449, 55.00896642752612, 58.361913526026115, 38.01141731502442, 47.80214794607967, 57.26203953839763, 36.459661968168724, 47.91271931232533, 51.131256611100625, 55.68445288238415, 52.77670030429812, 57.548095323372905, 51.02861673576315, 35.12738741057723, 54.3464121769761, 52.77483778074145, 50.687179092536084, 54.32289688980227, 45.9094415317447, 60.13785457084343, 56.977302362318355, 52.48357118480938, 52.972011264715334, 56.64960201980254, 47.583915408911686, 34.30164894434364, 51.325990376507846, 60.525849512710785, 46.483130289748686, 51.02348758029831, 48.42882623708593, 34.385980150092266, 50.53949165315344, 27.008641800071302, 27.04691839001374, 43.53588791376245, 41.50468251075417, 47.61180751962069]",796688,de37025320968e33,False,0.1,150.0,1.7777777777777777,13.926055908203125,20.57958984375
room,0.5,random,,24.71060483497586,0.8994431235851386,0.0074055587263921,"[27.78031586264742, 26.424559927660837, 26.879141178341147, 22.742556280549515, 22.833481182286146, 22.651426553724562, 23.273319473211195, 23.19831334068923, 22.08268306773431, 23.290220653485267, 23.50061508119381, 23.270215228417687, 23.338310592973357, 24.4997681027084, 23.983972287770282, 23.010554182241325, 24.67199873353639, 23.298370628344216, 26.64857609269346, 25.050022586684086, 27.104517805904553, 27.427591565492804, 27.009312065366167, 25.30796549197822, 25.844441192205704, 26.30857575668992, 25.437831303017717, 26.040404997702275, 25.84739763103242, 26.186400188743146, 25.182323123455035, 23.096270556038014, 23.8701705848213, 25.14975864048495, 24.75767140803496, 25.338506019511357, 21.949696849108072, 25.450177895203808, 23.97615445237564]",796688,b47c3f5de2c5a51f,False,0.1,150.0,1.7777777777777777,13.926055908203125,20.57958984375
counter,0.5,visibility,,23.300177428303936,0.9184615294138592,0.0055394683188448,"[21.647982376735673, 22.265246019217916, 22.209127791835126, 21.553570472815984, 29.103540187394703, 19.386234876780037, 20.416579819683186, 22.162721631588525, 22.765305977093774, 23.3194115119974, 20.467517823323472, 26.07784085887134, 20.962094771061217, 22.13882419028108, 24.2722479667175, 23.774319115949822, 21.951389013663977, 22.729371592174385, 24.218287637387373, 22.569687804845575, 25.283337002148496, 28.854557444654695, 23.34641790734977, 25.600621691300685, 27.6222571915722, 24.778574610968413, 25.30999552423197, 21.12002838630496, 23.022579936507718, 20.075651714661014]",611478,97a8eb323a89fd06,False,0.1,150.0,1.7777777777777777,10.746715545654297,15.746154785156252
counter,0.5,path_aware_v5_pure_sum,,31.97032593353877,0.9808677971363068,0.0010283514566253,"[30.371982090407226, 27.533765447521773, 31.20491058288726, 30.74996345050583, 32.89275734257076, 29.80248737105046, 31.346259533967398, 32.7609705713919, 32.05819918191434, 30.574440355087958, 30.12368316326748, 34.239809469294855, 31.357802701567007, 28.979244354021446, 32.104012596065296, 30.738470015311368, 30.535928466070636, 31.136426851325282, 33.35976029960728, 32.42017627522153, 33.8261443904344, 38.34605100506226, 32.435627292703366, 34.018192359764, 35.296507502446474, 33.64137260542172, 34.96021966878043, 30.262237413588302, 31.92703952257478, 30.105336126330442]",611478,b7f90639fa35e9c8,False,0.1,150.0,1.7777777777777777,10.746715545654297,15.746154785156252
counter,0.5,path_aware_v5_linear_falloff,,30.396908933683857,0.974630880355835,0.0012841860239859,"[29.100493861512486, 29.23139676795396, 30.00328039621945, 29.105018256025936, 32.52829819176151, 28.489679632277213, 29.118167222255696, 30.280305165729654, 30.79079434846111, 30.429095548220918, 28.55813971917229, 33.08349317819827, 29.23882812401073, 28.588634596464747, 30.28539485527096, 29.72927033155649, 28.573493980903454, 28.29857155450993, 30.3745198844384, 29.65847971912384, 30.75409941855679, 35.126788382172734, 30.164197102104445, 31.8525877386193, 33.62074115969298, 31.746476984384874, 33.143508118730885, 29.171137665574317, 30.971795116134444, 29.89058099047795]",611478,27d29253e1094616,False,0.1,150.0,1.7777777777777777,10.746715545654297,15.746154785156252
counter,0.5,path_aware_v5_sqrt_clamp,,29.79040986327188,0.9719278037548064,0.0014404866242936,"[28.225690721552308, 28.850639384098933, 29.347491929320753, 28.523273146904003, 32.37046788920915, 27.655868058783668, 28.200752445400838, 29.580351094645316, 30.027475751685127, 30.188580805270515, 27.86683976080498, 32.38877293960517, 28.53567346148823, 28.263005273068487, 29.72944082938014, 29.286917526487063, 28.095738954889505, 27.575906077258992, 29.568648352851167, 29.165914859833784, 30.248697057530297, 34.34447782345117, 29.64753307861045, 31.270830530396534, 33.071151771817746, 31.114644274380865, 32.509236712896936, 28.590244668645326, 30.326414187884943, 29.14161653000378]",611478,73122c94b37e81a1,False,0.1,150.0,1.7777777777777777,10.746715545654297,15.746154785156252
counter,0.5,path_aware_v5_weighted_sum,,29.71588749022704,0.9502554595470428,0.0047374789994164,"[54.40690162180769, 26.999027822890724, 26.226623367436623, 33.894228292098646, 23.48959965190759, 116.78801515639051, 35.99098466859567, 24.828890618557097, 40.69985234555111, 17.04311869391125, 19.75594137315526, 30.819620968511217, 23.60595953142491, 16.601579009610525, 24.37017768487634, 21.376238393070114, 18.05483437851875, 20.56012977637163, 40.18250618721834, 22.073593978195003, 20.790568914709006, 49.85518594959451, 24.095577918354607, 18.233353601530627, 20.14452849594603, 19.600029017228128, 20.930605499992943, 21.8862123597987, 25.885815999853143, 32.28692342970441]",611478,17c04147672255df,False,0.1,150.0,1.7777777777777777,10.746715545654297,15.746154785156252
counter,0.5,combined_0.7,0.7,30.46075370287279,0.9798775851726532,0.0018529932800447,"[33.15214864450615, 33.07590706456916, 30.902311922599512, 33.64359087499294, 30.022114376369192, 31.47257592492735, 31.527837346878208, 32.07732973626659, 32.46850959785394, 28.386124537494844, 28.618449097436496, 34.855383811763915, 30.98171337890234, 26.372722592829003, 32.91189563927814, 30.595413544857482, 26.18686223429502, 25.94842236221112, 34.706267765163695, 27.12100297461734, 27.34070652258247, 41.247853916071726, 29.0620322911972, 26.506128762200923, 29.027462185628657, 26.377448909084503, 28.034661321680375, 27.3940931660548, 31.747311511731823, 32.05832907213869]",611478,cad881d7255b044e,False,0.1,150.0,1.7777777777777777,10.746715545654297,15.746154785156252
counter,0.5,raster_importance,,39.55300685650236,0.9948688129583996,0.0005113901747487,"[45.32831604787988, 33.031285914210656, 31.717484249100085, 41.63191781184385, 28.734539044276154, 39.115415316634305, 37.96125387138424, 36.249403681954576, 45.38135868622264, 27.677542163039398, 40.78761307106407, 49.60393557690348, 40.90191965256417, 26.651374809036675, 46.930960586389396, 35.62423510098361, 30.380250061361377, 31.735682050532436, 49.096300482718604, 45.38004633173085, 44.741725952746464, 55.037913125678564, 46.48902381235832, 37.37739036123334, 41.06978093269915, 39.399089551914564, 37.52281528353416, 39.64879596849951, 47.04611744848844, 34.33671874808758]",611478,e441f5d7a4ca994f,False,0.1,150.0,1.7777777777777777,10.746715545654297,15.746154785156252
counter,0.5,random,,24.135058872584334,0.90114453236262,0.0060411651579973,"[22.561607381118613, 25.21378740429233, 23.68330367356146, 23.263397848696616, 28.611771569012646, 22.62794632074989, 23.129218037453597, 24.81551845665209, 25.4570079709781, 20.840698008193105, 21.70747255298619, 27.908273980591424, 23.610513042384724, 22.234040193617226, 25.139744470717464, 24.441665574131292, 21.677307629073447, 21.900316357166787, 25.01397479909981, 23.236824747452673, 25.03220903455977, 29.055176065703282, 23.000872342136756, 24.04509557454322, 25.6912019402284, 24.059253753597165, 25.763803000049485, 23.037275640937537, 24.917348254264358, 22.375140553580515]",611478,9d4c3b2c582f5b4c,False,0.1,150.0,1.7777777777777777,10.746715545654297,15.746154785156252
truck,0.5,visibility,,20.294837245255607,0.875968748703599,0.0095749952306505,"[20.760634012972695, 19.859651753221453, 18.84448851228328, 17.28357839988719, 17.37157869409362, 19.490709880362328, 17.922366160528814, 18.897667551808386, 18.652122597482897, 22.740956208179707, 22.892605756833497, 20.49639052060535, 20.655371581613228, 22.21276144070757, 22.092191956783278, 22.336959725333983, 21.686574512693166, 19.6036102952038, 16.771028099347394, 19.53336401077223, 19.892086932919682, 21.97207221722952, 23.296042301872983, 22.78685189559253, 21.781734851860705, 21.182280109801912, 18.59103550219126, 18.967476587696762, 19.050502218763924, 19.299712546337908, 20.69003300656537, 21.82035200663306]",1270613,627015b61742ce87,False,0.1,150.0,1.7777777777777777,22.0615177154541,32.76287841796875
truck,0.5,path_aware_v5_pure_sum,,28.25131256466254,0.9729027599096298,0.002459598016685,"[27.003163454303156, 27.455304222219297, 27.664061613746227, 22.36153537697223, 24.041664447111813, 28.13062684984169, 23.39444255425694, 28.29002321941923, 25.1110249261548, 33.09754603960536, 29.60900114328787, 25.50717621435311, 25.627050030534548, 26.333508233771973, 25.680256513412125, 26.644738626507273, 27.160841004865006, 27.23253180554023, 21.536517258422343, 33.511496423977, 31.442397308904113, 31.680624975822308, 29.748392821777465, 28.218787008890768, 34.374951263084185, 27.280044384610598, 28.157196990620065, 37.342120151486895, 29.17535367699356, 31.344925121992034, 31.810800943795403, 28.073897462921682]",1270613,90613aab19e92ff1,False,0.1,150.0,1.7777777777777777,22.0615177154541,32.76287841796875
truck,0.5,path_aware_v5_linear_falloff,,28.19851164949283,0.9723843317478896,0.002505061528609,"[27.139579344234072, 27.281482336682174, 27.056376806082866, 22.083691690239043, 23.81574169425814, 27.62330069341338, 23.08582855300674, 27.97195741376658, 24.844544992670556, 32.84131766414657, 29.502035015094318, 25.306710040952765, 25.92334619345195, 26.780700337206188, 26.50138656880837, 27.25771750213452, 27.372744878844806, 27.490712636735594, 21.227760571326975, 33.14105541145424, 31.28220541438423, 31.502768093481173, 30.204503472388478, 28.972485704530232, 34.53356502714372, 27.349624383267738, 27.45378931652666, 36.95048537491827, 28.770003853976057, 31.136313433550047, 31.583581044461354, 28.36505732063265]",1270613,544358e575eb855e,False,0.1,150.0,1.7777777777777777,22.0615177154541,32.76287841796875
truck,0.5,path_aware_v5_sqrt_clamp,,28.29552491329452,0.972397305071354,0.0024775665906418,"[27.309772626269854, 27.35931550051424, 27.005604471497044, 22.06346017938458, 23.80974611057285, 27.566078147778406, 23.067331123316762, 27.968079513929744, 24.868576370142023, 32.87763624364436, 29.63272089409984, 25.349197604638682, 26.16794184279754, 27.098823665287814, 26.999881584637638, 27.62799863591976, 27.59250933368044, 27.70311650774758, 21.215749171672545, 33.01009047905562, 31.252978180921215, 31.548673629807887, 30.49647532741496, 29.482641362655365, 34.5597658738928, 27.505157199013773, 27.37062095960149, 36.745008303487296, 28.763711675253383, 31.227598162887244, 31.642386988133417, 28.5681495557685]",1270613,d6d7888ddcda007e,False,0.1,150.0,1.7777777777777777,22.0615177154541,32.76287841796875
truck,0.5,path_aware_v5_weighted_sum,,20.02500883465843,0.9085521399974824,0.0118536603849861,"[13.834885677885907, 15.077114750866548, 21.747285326037243, 26.868354094283152, 26.472984736190615, 24.12398123234457, 26.982176140315378, 30.06810661499888, 18.241732386363143, 20.58529383108768, 15.845305900120813, 16.285267866725512, 13.568322177243788, 11.455904960120318, 11.55929236391465, 11.676065307077014, 14.437469379989082, 13.870762650632802, 24.81664858798797, 35.849007471088896, 25.241325032753643, 18.4090942556238, 13.678428370821955, 14.774511070092185, 24.348777018868567, 15.3424345070102, 26.026145632933474, 31.944981479907003, 28.454224185672704, 16.568407079550166, 17.810575703586323, 14.835416916975806]",1270613,12c6a6cb0caf3f87,False,0.1,150.0,1.7777777777777777,22.0615177154541,32.76287841796875
truck,0.5,combined_0.7,0.7,23.166555493521848,0.9432842191308736,0.0059434093855088,"[21.566925715581032, 21.985126163589037, 22.86865388953073, 19.809902058147017, 20.83040810345162, 23.958864758141, 20.821565746121387, 23.602090581119654, 21.716731907995968, 25.330711875113366, 22.71890227800078, 21.37936918390202, 20.505199462366427, 20.930337596719355, 19.845793576491605, 20.987743989411506, 22.073584105558687, 21.992725980927176, 18.73960037481704, 28.472153120322282, 28.404390030494106, 25.092072299304228, 23.783787906559223, 22.408667955465205, 29.670636471627418, 22.92801382732099, 23.772544382497458, 31.398500067579754, 23.65571837050933, 24.138478875901196, 24.427923671536206, 21.512651466596346]",1270613,edbf693284681cf9,False,0.1,150.0,1.7777777777777777,22.0615177154541,32.76287841796875
truck,0.5,raster_importance,,31.67623102888254,0.9836420677602292,0.0014401870839719,"[26.752182611696668, 26.56317237525981, 20.958018270223143, 33.31499802056171, 32.85903709326331, 35.27081737838716, 34.5009834461226, 33.448540778387816, 31.314892180313137, 38.698693145146244, 31.386873150285467, 26.536815542492644, 23.078002215240623, 25.407539603719208, 24.429435871222587, 26.316512429019497, 33.07048984993292, 32.03571096920083, 30.52119854839917, 36.96287787051413, 36.343069817992784, 36.167299082018445, 32.901458797948145, 30.74776092674562, 38.62672604789222, 34.68151268179514, 35.4051517372396, 33.09698440443437, 31.75144830588306, 33.64972083039773, 36.269917818269946, 30.5715511242356]",1270613,001f5931105325d0,False,0.1,150.0,1.7777777777777777,22.0615177154541,32.76287841796875
truck,0.5,random,,18.35899211609749,0.7443123199045658,0.0210675810521934,"[19.00129689339872, 18.25293810098254, 18.217144157354234, 18.835110244929997, 18.831190758262878, 18.915983345233368, 19.04642708786781, 18.18311160157321, 16.9201830337925, 18.90361187139902, 16.990349072497562, 18.350745113493048, 18.266834617368282, 17.921852362236198, 17.906117453651053, 17.510469521068842, 18.106305226022496, 18.47945438557898, 18.310212090970342, 18.748295298221983, 17.835965888646804, 19.140901976022345, 19.413391178420312, 18.463465714688702, 19.746934914892655, 18.557617459493642, 18.390406042416615, 19.773789113849777, 18.055921972449855, 16.22738466606901, 18.86209186857929, 17.32224468368747]",1270613,fe2cb479811f8b60,False,0.1,150.0,1.7777777777777777,22.0615177154541,32.76287841796875
train,0.5,visibility,,20.62929533824997,0.8587328258313631,0.0122741518578933,"[18.951669447891636, 18.620826905050897, 21.633130570168085, 19.26511723503173, 20.06977954609422, 20.147437023384974, 19.82302501660756, 21.306573529847874, 21.01937031586842, 20.824738974832968, 21.092120085325714, 19.61840558112459, 27.12862301190053, 21.352289315890083, 21.398178101634112, 23.79707955981604, 13.016545268995255, 21.939894683644575, 20.205737784426812, 22.485660049683624, 21.298737470594062, 19.46270727136834, 20.705003329752884, 17.48664738282406, 16.721924035830796, 23.35602305546616, 21.534479020531773, 20.948438396370616, 21.263176637068316, 24.77338983098437, 24.06551559440674, 25.614371722985524, 26.7700566910868, 9.083345693358844, 21.600250679143112, 20.793016109574516, 15.466953366569813, 19.27298455836237]",513254,65035eace0ae19bc,False,0.1,150.0,1.7777777777777777,9.060588836669922,13.27423095703125
train,0.5,path_aware_v5_pure_sum,,22.798960481287253,0.8987860271805211,0.0088208991709459,"[19.019739699898906, 19.526918606642745, 25.36219202546671, 24.307782413545812, 24.5942888403753, 24.070556190367, 21.227384646804758, 22.10138379795722, 19.97199599775563, 22.641926942115113, 24.37878765392589, 25.655996945829056, 26.527535741064714, 21.85907663140311, 22.469614992527198, 20.092420539581628, 12.966026704407717, 22.395686736460526, 20.043946699912137, 24.222650263431177, 19.809647184356187, 22.241023966384095, 25.971975686936176, 18.329720443311118, 25.69471640432688, 25.695877194537445, 25.52128008345345, 24.958182363805207, 23.370968471141083, 31.45940438333639, 24.619183536943254, 28.568812835345906, 27.663521805361043, 16.44922559350143, 21.345165365833974, 23.722530944260548, 16.474617842466447, 21.02873211414264]",513254,3a12e478591b9abd,False,0.1,150.0,1.7777777777777777,9.060588836669922,13.27423095703125
train,0.5,path_aware_v5_linear_falloff,,25.32420836637484,0.9349701655538458,0.0049018918132213,"[29.193786661147477, 23.766625154402522, 26.2570402951281, 24.481375462014103, 24.685755342944724, 24.964668174133614, 24.706010842771704, 24.641349646582718, 23.595010222630957, 30.76843275756442, 25.669487317491146, 29.10554193383063, 27.544193410411072, 27.446384767295136, 24.689959652668495, 22.865702325812002, 23.14092188738816, 22.13257811358836, 20.980716327056466, 24.34614271955934, 22.948377230526642, 23.638394719909847, 26.459108262126986, 20.155016777631264, 24.588801856303405, 30.91550228723646, 27.491372061950436, 25.802708453543413, 23.923017291103417, 32.66311202362764, 24.839115379753714, 28.552877936147784, 28.130185701514865, 19.521399704523898, 24.66080127298538, 24.793857664763998, 23.542483212972613, 24.712103071200882]",513254,859a4417e19ffb03,False,0.1,150.0,1.7777777777777777,9.060588836669922,13.27423095703125
train,0.5,path_aware_v5_sqrt_clamp,,25.39827249385951,0.9350154117534036,0.0048747740220278,"[29.126300299697043, 23.707798986245166, 25.70918457478645, 24.687413313717656, 24.660241262237776, 25.307191171294967, 24.970582545468233, 24.714305843373783, 23.665149953186308, 30.72128350380374, 25.65612068988457, 28.85126899280392, 27.580671683042823, 27.716020210928644, 25.003897023488197, 23.29264229207962, 23.761334209619925, 22.486352535057108, 21.4579752447928, 24.5479878829699, 23.120809523843505, 23.641065771065485, 25.73177678173428, 20.126899967702514, 24.17402931627972, 30.891802461361824, 27.52177827541462, 25.834648298962758, 24.55092250648491, 32.32897524422014, 25.03990426298223, 28.74211693525376, 28.445935767501204, 19.52257700851195, 24.83544358224894, 24.815905250952678, 23.461705308097546, 24.724336285564736]",513254,027bed2214453444,False,0.1,150.0,1.7777777777777777,9.060588836669922,13.27423095703125
train,0.5,path_aware_v5_weighted_sum,,18.07006411511536,0.8253488509278548,0.0172952511317194,"[17.18371721341264, 16.085602360819223, 24.94255017064354, 15.974900693569666, 19.425260037601902, 17.789611454208877, 14.771996783273568, 16.664452232480954, 15.733739090382116, 18.42496875880106, 16.244304370652294, 17.703474159584005, 18.37577888881042, 17.173128935195713, 15.604483666617213, 16.043716612530194, 12.170461706390967, 15.478117157793989, 13.80169187753809, 14.971856418271418, 13.529373672258062, 16.350602115772883, 27.789367950484735, 20.250340036648574, 32.28990867099356, 21.25191781538257, 17.572417247338844, 17.774953045458023, 17.355732757296625, 31.583061710930554, 18.089722262295744, 16.39055643509074, 16.87493786568122, 20.85192021727599, 16.373945574218894, 17.039011383320897, 15.084169747206213, 15.646685278151578]",513254,94fb641119f7f98d,False,0.1,150.0,1.7777777777777777,9.060588836669922,13.27423095703125
train,0.5,combined_0.7,0.7,22.486525163473107,0.9046648097665686,0.0089728491117344,"[25.49527988799202, 21.566069149819175, 25.163735280613814, 20.52132852426486, 21.859566315097343, 21.911749750152943, 22.898548122635482, 22.787875633105273, 22.680616985697576, 28.047575728952992, 22.520361728548252, 28.027140555399647, 25.141718388972045, 23.468742672230345, 20.68298332016714, 21.168060645833897, 13.538129475980572, 18.911209000800184, 18.837270972774412, 19.848727066613186, 19.33598963470473, 21.143240761912253, 25.661160262604092, 19.10632365179476, 21.496592585089452, 29.19018334275836, 25.52704196764416, 22.805380318779257, 21.836822702939543, 31.150784984513162, 22.171840130322526, 24.28099561846153, 22.39939882729733, 18.65717407173014, 20.22258979944985, 22.114884053018564, 21.014149313916143, 21.29671497939089]",513254,f7d8ba36fe791f41,False,0.1,150.0,1.7777777777777777,9.060588836669922,13.27423095703125
train,0.5,raster_importance,,25.528855345427377,0.9486220416269804,0.0048511384918942,"[31.37756585430219, 26.67950036707734, 25.80581845654344, 21.105021035200387, 25.196806343380572, 24.193309550675156, 23.31823504346728, 23.304640243258234, 24.53795528774578, 29.63655535964999, 22.760355174984834, 24.501654499378095, 26.76310230023054, 27.830198955496922, 23.42822928625069, 23.40877312851984, 24.5049230319062, 24.651089734830975, 22.646374102686316, 27.942776480982758, 26.88850819734059, 26.67115553250816, 24.769314741279803, 24.312675774768806, 18.430867939059677, 26.34027746262696, 22.513033647508713, 24.25055235316949, 21.77501230261834, 27.80314842332323, 27.325173168665998, 27.844972141591036, 27.750773518216548, 30.74059164845869, 29.228307060502118, 26.679797405632094, 25.382580200207407, 27.79687737219515]",513254,0ce8c78b84dfddd6,False,0.1,150.0,1.7777777777777777,9.060588836669922,13.27423095703125
train,0.5,random,,16.56916619383578,0.717227785995132,0.0292873115180746,"[15.341235358937237, 18.024940558802815, 17.692501695189346, 15.827357855591153, 16.104693217218543, 16.345718365455856, 15.902733728301053, 16.692058714004208, 16.290662826484766, 15.014886747571481, 16.94477623300429, 15.571828128585656, 15.226489503119765, 14.05535671828858, 14.481675689636479, 16.68622607005829, 13.06417861672305, 15.677340082375956, 14.29439908470125, 17.144327231060316, 14.887574117300858, 17.35531656255639, 16.577332731613076, 15.433865048271285, 15.461657499539353, 16.693182903980475, 17.5631434396819, 17.26017492905067, 17.465073965774735, 21.536538070340644, 19.659036757148076, 21.132186521799806, 20.39392872489296, 12.9071715907155, 17.545871299824928, 19.04375568262558, 15.812494491956832, 16.516624603576503]",513254,87c162d00e2e72a5,False,0.1,150.0,1.7777777777777777,9.060588836669922,13.27423095703125
